<?xml version="1.0" encoding="utf-8" ?><dwsync><file name="index.html" server="green-start.org" local="3593717835" remote="3593727720" Dst="-1" /><file name="mygreen-styles.css" server="green-start.org" local="3593745461" remote="3593746980" Dst="-1" /><file name="about-us.html" server="green-start.org" local="3593747037" remote="3593746980" Dst="-1" /><file name="contact-us.html" server="green-start.org" local="3592341532" remote="3593730300" Dst="-1" /><file name="events.html" server="green-start.org" local="3592341532" remote="3593730300" Dst="-1" /><file name="news.html" server="green-start.org" local="3592341532" remote="3593730360" Dst="-1" /><file name="tips.html" server="green-start.org" local="3593456258" remote="3593730360" Dst="-1" /><file name="travel.html" server="green-start.org" local="3593456054" remote="3593730360" Dst="-1" /></dwsync>