<?xml version="1.0" encoding="utf-8" ?><dwsync><file name="stripe.png" server="green-start.org" local="3490914969" remote="3593727720" Dst="-1" /><file name="bike.jpg" server="green-start.org" local="3374681273" remote="3593727720" Dst="-1" /><file name="fern.png" server="green-start.org" local="3490911897" remote="3593727720" Dst="-1" /><file name="animated-overlay.gif" server="green-start.org" local="3593366833" remote="3593730300" Dst="-1" /><file name="champs.jpg" server="green-start.org" local="3414943250" remote="3593730300" Dst="-1" /><file name="biking.jpg" server="green-start.org" local="3344965978" remote="3593730300" Dst="-1" /><file name="cruise.jpg" server="green-start.org" local="3414943474" remote="3593730300" Dst="-1" /><file name="city.jpg" server="green-start.org" local="3413327246" remote="3593730300" Dst="-1" /><file name="ecotour.png" server="green-start.org" local="3414719960" remote="3593730300" Dst="-1" /><file name="elaine.jpg" server="green-start.org" local="3413327246" remote="3593730300" Dst="-1" /><file name="eric.png" server="green-start.org" local="3348858208" remote="3593730300" Dst="-1" /><file name="lin.jpg" server="green-start.org" local="3591363697" remote="3593730300" Dst="-1" /><file name="matthew.png" server="green-start.org" local="3591365777" remote="3593730300" Dst="-1" /><file name="farmersmarket.png" server="green-start.org" local="3591369250" remote="3593730300" Dst="-1" /><file name="parks.png" server="green-start.org" local="3493222561" remote="3593730300" Dst="-1" /><file name="recycling.jpg" server="green-start.org" local="3413251512" remote="3593730300" Dst="-1" /><file name="sarah.jpg" server="green-start.org" local="3348251056" remote="3593730300" Dst="-1" /><file name="shopping.jpg" server="green-start.org" local="3412791344" remote="3593730300" Dst="-1" /><file name="sprinkler.jpg" server="green-start.org" local="3348259242" remote="3593730300" Dst="-1" /><file name="tower.jpg" server="green-start.org" local="3414943234" remote="3593730300" Dst="-1" /><file name="train.jpg" server="green-start.org" local="3414702174" remote="3593730300" Dst="-1" /><file name="ui-bg_diagonals-thick_18_b81900_40x40.png" server="green-start.org" local="3593366833" remote="3593730300" Dst="-1" /><file name="ui-bg_diagonals-thick_20_666666_40x40.png" server="green-start.org" local="3593366833" remote="3593730300" Dst="-1" /><file name="ui-bg_flat_10_000000_40x100.png" server="green-start.org" local="3593366833" remote="3593730300" Dst="-1" /><file name="ui-bg_glass_100_f6f6f6_1x400.png" server="green-start.org" local="3593366833" remote="3593730300" Dst="-1" /><file name="ui-bg_glass_100_fdf5ce_1x400.png" server="green-start.org" local="3593366833" remote="3593730300" Dst="-1" /><file name="ui-bg_gloss-wave_35_f6a828_500x100.png" server="green-start.org" local="3593366833" remote="3593730300" Dst="-1" /><file name="ui-bg_highlight-soft_100_eeeeee_1x100.png" server="green-start.org" local="3593366833" remote="3593730300" Dst="-1" /><file name="ui-bg_highlight-soft_75_ffe45c_1x100.png" server="green-start.org" local="3593366833" remote="3593730300" Dst="-1" /><file name="ui-icons_228ef1_256x240.png" server="green-start.org" local="3593366833" remote="3593730300" Dst="-1" /><file name="ui-icons_ef8c08_256x240.png" server="green-start.org" local="3593366833" remote="3593730300" Dst="-1" /><file name="ui-icons_ffd27a_256x240.png" server="green-start.org" local="3593366833" remote="3593730300" Dst="-1" /><file name="skyline.png" server="green-start.org" local="3492872076" remote="3593730360" Dst="-1" /><file name="ui-icons_ffffff_256x240.png" server="green-start.org" local="3593366833" remote="3593730360" Dst="-1" /><file name="underground.jpg" server="green-start.org" local="3414943278" remote="3593730360" Dst="-1" /></dwsync>